Car Type,Make,Model,Year,Minimum Version,Engine Type,Power,Engine Version
CarType,Make,Model,Year,MinimumVersion,EngineType,Power,EngineVersion
RegularCar,Honda,Civic,2020,v2.0,RegularCarEngine,20,v3.0
RegularCar,Toyota,Camry,2020,v3.0,RegularCarEngine,30,v4.0 
RegularCar,Ford,Mustang,2010,v3.0,RegularCarEngine,20,v3.0
LuxurayCar,Ferrari,296GTS,2023,v4.0,LuxuryCarEngine,40,v5.0
LuxurayCar,Mercedes-Benz,Maybach S 580,2015,v4.0,LuxuryCarEngine,40,v5.0
RegularCar,Honda,Accord,2020,v3.0,RegularCarEngine,30,v3.0
RegularCar,Mercedes-Benz,Maybach S 580,2015,v4.0,LuxuryCarEngine,30,v5.0
